<?xml version="1.0" encoding="UTF-8"?>
<beans xmlns="http://www.springframework.org/schema/beans"
	xmlns:xsi="http://www.w3.org/2001/XMLSchema-instance"
	xmlns:context="http://www.springframework.org/schema/context"
	xmlns:p="http://www.springframework.org/schema/p"
	xmlns:tx="http://www.springframework.org/schema/tx"
	xmlns:mvc="http://www.springframework.org/schema/mvc"
	xsi:schemaLocation="http://www.springframework.org/schema/beans
           http://www.springframework.org/schema/beans/spring-beans.xsd
           http://www.springframework.org/schema/context
           http://www.springframework.org/schema/context/spring-context.xsd
           http://www.springframework.org/schema/tx
           http://www.springframework.org/schema/tx/spring-tx.xsd
           http://www.springframework.org/schema/mvc
           http://www.springframework.org/schema/mvc/spring-mvc.xsd">

	<tx:annotation-driven />

	<context:component-scan base-package="ess" />

	<bean
		class="org.springframework.web.servlet.view.InternalResourceViewResolver"
		name="viewResolver">
		<property name="prefix" value="/WEB-INF/views/" />
		<property name="suffix" value=".jsp" />
	</bean>

	<bean
		class="org.springframework.jdbc.datasource.DriverManagerDataSource"
		name="ds">
		<property name="driverClassName"
			value="com.mysql.cj.jdbc.Driver" />
		<property name="url" value="jdbc:mysql://localhost:3306/ess" />
		<property name="username" value="varshil-jdbc" />
		<property name="password" value="Drc@1234" />
	</bean>

	<bean
		class="org.springframework.orm.hibernate5.LocalSessionFactoryBean"
		name="factory">
		<property name="dataSource" ref="ds" />
		<property name="packagesToScan" value="ess.model" />
		<property name="hibernateProperties">
			<props>
				<prop key="hibernate.dialect">org.hibernate.dialect.MySQL57Dialect</prop>
				<prop key="hibernate.show_sql">true</prop>
				<prop key="hibernate.hbm2ddl.auto">update</prop>
			</props>
		</property>
		<property name="annotatedClasses">
			<list>
				<value>ess.model.User</value>
				<value>ess.model.Training</value>
				<value>ess.model.Event</value>
				<value>ess.model.Holiday</value>
				<value>ess.model.LeaveApplication</value>
				<value>ess.model.Report</value>
				<value>ess.model.Communication</value>
				<value>ess.model.Attendance</value>
				<value>ess.model.AttendanceRecord</value>
			</list>
		</property>
	</bean>

	<bean class="org.springframework.orm.hibernate5.HibernateTemplate"
		name="hibernateTemplate">
		<property name="sessionFactory" ref="factory" />
	</bean>

	<bean
		class="org.springframework.orm.hibernate5.HibernateTransactionManager"
		name="transactionManager">
		<property name="sessionFactory" ref="factory" />
	</bean>

	<bean id="conversionService"
		class="org.springframework.format.support.FormattingConversionServiceFactoryBean">
		<property name="converters">
			<set>
				<bean class="ess.model.StringToRoleConverter" />
			</set>
		</property>
	</bean>


</beans>
